,TEAM,variable,value
0,Minnesota,TOTAL SETS,69.0
1,Wisconsin,TOTAL SETS,71.0
2,Ohio St.,TOTAL SETS,77.0
3,Nebraska,TOTAL SETS,67.0
4,Michigan,TOTAL SETS,72.0
5,Illinois,TOTAL SETS,72.0
6,Penn St.,TOTAL SETS,77.0
7,Northwestern,TOTAL SETS,73.0
8,Purdue,TOTAL SETS,80.0
9,Michigan St.,TOTAL SETS,74.0
10,Indiana,TOTAL SETS,82.0
11,Maryland,TOTAL SETS,75.0
12,Iowa,TOTAL SETS,75.0
13,Rutgers,TOTAL SETS,66.0
14,Wisconsin,TOTAL SETS,74.0
15,Ohio St.,TOTAL SETS,70.0
16,Penn St.,TOTAL SETS,78.0
17,Michigan,TOTAL SETS,71.0
18,Minnesota,TOTAL SETS,73.0
19,Illinois,TOTAL SETS,76.0
20,Nebraska,TOTAL SETS,65.0
21,Purdue,TOTAL SETS,81.0
22,Northwestern,TOTAL SETS,80.0
23,Michigan St.,TOTAL SETS,75.0
24,Iowa,TOTAL SETS,68.0
25,Maryland,TOTAL SETS,73.0
26,Indiana,TOTAL SETS,69.0
27,Rutgers,TOTAL SETS,63.0
28,Wisconsin,TOTAL SETS,56.0
29,Nebraska,TOTAL SETS,66.0
30,Penn St.,TOTAL SETS,60.0
31,Minnesota,TOTAL SETS,71.0
32,Ohio St.,TOTAL SETS,81.0
33,Purdue,TOTAL SETS,84.0
34,Northwestern,TOTAL SETS,40.0
35,Michigan,TOTAL SETS,51.0
36,Maryland,TOTAL SETS,82.0
37,Rutgers,TOTAL SETS,74.0
38,Illinois,TOTAL SETS,71.0
39,Iowa,TOTAL SETS,74.0
40,Michigan St.,TOTAL SETS,55.0
41,Indiana,TOTAL SETS,65.0
42,Illinois,TOTAL SETS,74.0
43,Indiana,TOTAL SETS,75.0
44,Iowa,TOTAL SETS,73.0
45,Maryland,TOTAL SETS,75.0
46,Michigan,TOTAL SETS,75.0
47,Michigan St.,TOTAL SETS,74.0
48,Minnesota,TOTAL SETS,74.0
49,Nebraska,TOTAL SETS,73.0
50,Northwestern,TOTAL SETS,74.0
51,Ohio St.,TOTAL SETS,70.0
52,Penn St.,TOTAL SETS,72.0
53,Purdue,TOTAL SETS,76.0
54,Rutgers,TOTAL SETS,65.0
55,Wisconsin,TOTAL SETS,69.0
56,Illinois,TOTAL SETS,74.0
57,Indiana,TOTAL SETS,77.0
58,Iowa,TOTAL SETS,79.0
59,Maryland,TOTAL SETS,71.0
60,Michigan,TOTAL SETS,76.0
61,Michigan St.,TOTAL SETS,77.0
62,Minnesota,TOTAL SETS,70.0
63,Nebraska,TOTAL SETS,76.0
64,Northwestern,TOTAL SETS,70.0
65,Ohio St.,TOTAL SETS,76.0
66,Penn St.,TOTAL SETS,74.0
67,Purdue,TOTAL SETS,82.0
68,Rutgers,TOTAL SETS,68.0
69,Wisconsin,TOTAL SETS,74.0
70,Nebraska,TOTAL SETS,69.0
71,Minnesota,TOTAL SETS,70.0
72,Wisconsin,TOTAL SETS,75.0
73,Penn St.,TOTAL SETS,69.0
74,Michigan St.,TOTAL SETS,71.0
75,Michigan,TOTAL SETS,75.0
76,Ohio St.,TOTAL SETS,72.0
77,Illinois,TOTAL SETS,74.0
78,Iowa,TOTAL SETS,70.0
79,Purdue,TOTAL SETS,72.0
80,Indiana,TOTAL SETS,68.0
81,Maryland,TOTAL SETS,69.0
82,Northwestern,TOTAL SETS,67.0
83,Rutgers,TOTAL SETS,63.0
84,Nebraska,TOTAL SETS,71.0
85,Minnesota,TOTAL SETS,77.0
86,Wisconsin,TOTAL SETS,74.0
87,Penn St.,TOTAL SETS,71.0
88,Michigan St.,TOTAL SETS,70.0
89,Michigan,TOTAL SETS,78.0
90,Ohio St.,TOTAL SETS,75.0
91,Illinois,TOTAL SETS,72.0
92,Iowa,TOTAL SETS,72.0
93,Purdue,TOTAL SETS,81.0
94,Indiana,TOTAL SETS,68.0
95,Maryland,TOTAL SETS,72.0
96,Northwestern,TOTAL SETS,67.0
97,Rutgers,TOTAL SETS,62.0
0,Minnesota,HITTING ERRORS,311.0
1,Wisconsin,HITTING ERRORS,324.0
2,Ohio St.,HITTING ERRORS,390.0
3,Nebraska,HITTING ERRORS,326.0
4,Michigan,HITTING ERRORS,397.0
5,Illinois,HITTING ERRORS,388.0
6,Penn St.,HITTING ERRORS,469.0
7,Northwestern,HITTING ERRORS,452.0
8,Purdue,HITTING ERRORS,461.0
9,Michigan St.,HITTING ERRORS,429.0
10,Indiana,HITTING ERRORS,500.0
11,Maryland,HITTING ERRORS,415.0
12,Iowa,HITTING ERRORS,444.0
13,Rutgers,HITTING ERRORS,375.0
14,Wisconsin,HITTING ERRORS,367.0
15,Ohio St.,HITTING ERRORS,387.0
16,Penn St.,HITTING ERRORS,387.0
17,Michigan,HITTING ERRORS,311.0
18,Minnesota,HITTING ERRORS,349.0
19,Illinois,HITTING ERRORS,369.0
20,Nebraska,HITTING ERRORS,359.0
21,Purdue,HITTING ERRORS,395.0
22,Northwestern,HITTING ERRORS,458.0
23,Michigan St.,HITTING ERRORS,438.0
24,Iowa,HITTING ERRORS,384.0
25,Maryland,HITTING ERRORS,385.0
26,Indiana,HITTING ERRORS,393.0
27,Rutgers,HITTING ERRORS,332.0
28,Wisconsin,HITTING ERRORS,199.0
29,Nebraska,HITTING ERRORS,323.0
30,Penn St.,HITTING ERRORS,273.0
31,Minnesota,HITTING ERRORS,299.0
32,Ohio St.,HITTING ERRORS,421.0
33,Purdue,HITTING ERRORS,384.0
34,Northwestern,HITTING ERRORS,226.0
35,Michigan,HITTING ERRORS,302.0
36,Maryland,HITTING ERRORS,381.0
37,Rutgers,HITTING ERRORS,384.0
38,Illinois,HITTING ERRORS,454.0
39,Iowa,HITTING ERRORS,447.0
40,Michigan St.,HITTING ERRORS,324.0
41,Indiana,HITTING ERRORS,407.0
42,Illinois,HITTING ERRORS,419.0
43,Indiana,HITTING ERRORS,441.0
44,Iowa,HITTING ERRORS,388.0
45,Maryland,HITTING ERRORS,366.0
46,Michigan,HITTING ERRORS,387.0
47,Michigan St.,HITTING ERRORS,417.0
48,Minnesota,HITTING ERRORS,303.0
49,Nebraska,HITTING ERRORS,344.0
50,Northwestern,HITTING ERRORS,406.0
51,Ohio St.,HITTING ERRORS,460.0
52,Penn St.,HITTING ERRORS,330.0
53,Purdue,HITTING ERRORS,392.0
54,Rutgers,HITTING ERRORS,378.0
55,Wisconsin,HITTING ERRORS,287.0
56,Illinois,HITTING ERRORS,379.0
57,Indiana,HITTING ERRORS,400.0
58,Iowa,HITTING ERRORS,408.0
59,Maryland,HITTING ERRORS,395.0
60,Michigan,HITTING ERRORS,417.0
61,Michigan St.,HITTING ERRORS,465.0
62,Minnesota,HITTING ERRORS,281.0
63,Nebraska,HITTING ERRORS,352.0
64,Northwestern,HITTING ERRORS,428.0
65,Ohio St.,HITTING ERRORS,459.0
66,Penn St.,HITTING ERRORS,369.0
67,Purdue,HITTING ERRORS,408.0
68,Rutgers,HITTING ERRORS,446.0
69,Wisconsin,HITTING ERRORS,333.0
70,Nebraska,HITTING ERRORS,303.0
71,Minnesota,HITTING ERRORS,314.0
72,Wisconsin,HITTING ERRORS,338.0
73,Penn St.,HITTING ERRORS,247.0
74,Michigan St.,HITTING ERRORS,334.0
75,Michigan,HITTING ERRORS,388.0
76,Ohio St.,HITTING ERRORS,372.0
77,Illinois,HITTING ERRORS,325.0
78,Iowa,HITTING ERRORS,372.0
79,Purdue,HITTING ERRORS,362.0
80,Indiana,HITTING ERRORS,387.0
81,Maryland,HITTING ERRORS,397.0
82,Northwestern,HITTING ERRORS,344.0
83,Rutgers,HITTING ERRORS,358.0
84,Nebraska,HITTING ERRORS,342.0
85,Minnesota,HITTING ERRORS,310.0
86,Wisconsin,HITTING ERRORS,342.0
87,Penn St.,HITTING ERRORS,298.0
88,Michigan St.,HITTING ERRORS,397.0
89,Michigan,HITTING ERRORS,424.0
90,Ohio St.,HITTING ERRORS,416.0
91,Illinois,HITTING ERRORS,349.0
92,Iowa,HITTING ERRORS,397.0
93,Purdue,HITTING ERRORS,435.0
94,Indiana,HITTING ERRORS,420.0
95,Maryland,HITTING ERRORS,436.0
96,Northwestern,HITTING ERRORS,364.0
97,Rutgers,HITTING ERRORS,545.0
0,Minnesota,TOTAL HITTING ATTEMPTS,2322.0
1,Wisconsin,TOTAL HITTING ATTEMPTS,2484.0
2,Ohio St.,TOTAL HITTING ATTEMPTS,2862.0
3,Nebraska,TOTAL HITTING ATTEMPTS,2371.0
4,Michigan,TOTAL HITTING ATTEMPTS,2491.0
5,Illinois,TOTAL HITTING ATTEMPTS,2430.0
6,Penn St.,TOTAL HITTING ATTEMPTS,2623.0
7,Northwestern,TOTAL HITTING ATTEMPTS,2633.0
8,Purdue,TOTAL HITTING ATTEMPTS,2775.0
9,Michigan St.,TOTAL HITTING ATTEMPTS,2394.0
10,Indiana,TOTAL HITTING ATTEMPTS,2746.0
11,Maryland,TOTAL HITTING ATTEMPTS,2544.0
12,Iowa,TOTAL HITTING ATTEMPTS,2543.0
13,Rutgers,TOTAL HITTING ATTEMPTS,2109.0
14,Wisconsin,TOTAL HITTING ATTEMPTS,2666.0
15,Ohio St.,TOTAL HITTING ATTEMPTS,2605.0
16,Penn St.,TOTAL HITTING ATTEMPTS,2934.0
17,Michigan,TOTAL HITTING ATTEMPTS,2520.0
18,Minnesota,TOTAL HITTING ATTEMPTS,2797.0
19,Illinois,TOTAL HITTING ATTEMPTS,2602.0
20,Nebraska,TOTAL HITTING ATTEMPTS,2561.0
21,Purdue,TOTAL HITTING ATTEMPTS,2790.0
22,Northwestern,TOTAL HITTING ATTEMPTS,2657.0
23,Michigan St.,TOTAL HITTING ATTEMPTS,2570.0
24,Iowa,TOTAL HITTING ATTEMPTS,2402.0
25,Maryland,TOTAL HITTING ATTEMPTS,2593.0
26,Indiana,TOTAL HITTING ATTEMPTS,2435.0
27,Rutgers,TOTAL HITTING ATTEMPTS,2064.0
28,Wisconsin,TOTAL HITTING ATTEMPTS,1844.0
29,Nebraska,TOTAL HITTING ATTEMPTS,2229.0
30,Penn St.,TOTAL HITTING ATTEMPTS,2009.0
31,Minnesota,TOTAL HITTING ATTEMPTS,2437.0
32,Ohio St.,TOTAL HITTING ATTEMPTS,2945.0
33,Purdue,TOTAL HITTING ATTEMPTS,2991.0
34,Northwestern,TOTAL HITTING ATTEMPTS,1259.0
35,Michigan,TOTAL HITTING ATTEMPTS,1908.0
36,Maryland,TOTAL HITTING ATTEMPTS,2459.0
37,Rutgers,TOTAL HITTING ATTEMPTS,2448.0
38,Illinois,TOTAL HITTING ATTEMPTS,2495.0
39,Iowa,TOTAL HITTING ATTEMPTS,2451.0
40,Michigan St.,TOTAL HITTING ATTEMPTS,1853.0
41,Indiana,TOTAL HITTING ATTEMPTS,2068.0
42,Illinois,TOTAL HITTING ATTEMPTS,2682.0
43,Indiana,TOTAL HITTING ATTEMPTS,2626.0
44,Iowa,TOTAL HITTING ATTEMPTS,2496.0
45,Maryland,TOTAL HITTING ATTEMPTS,2388.0
46,Michigan,TOTAL HITTING ATTEMPTS,2605.0
47,Michigan St.,TOTAL HITTING ATTEMPTS,2417.0
48,Minnesota,TOTAL HITTING ATTEMPTS,2636.0
49,Nebraska,TOTAL HITTING ATTEMPTS,2446.0
50,Northwestern,TOTAL HITTING ATTEMPTS,2474.0
51,Ohio St.,TOTAL HITTING ATTEMPTS,2666.0
52,Penn St.,TOTAL HITTING ATTEMPTS,2432.0
53,Purdue,TOTAL HITTING ATTEMPTS,2585.0
54,Rutgers,TOTAL HITTING ATTEMPTS,2024.0
55,Wisconsin,TOTAL HITTING ATTEMPTS,2389.0
56,Illinois,TOTAL HITTING ATTEMPTS,2614.0
57,Indiana,TOTAL HITTING ATTEMPTS,2700.0
58,Iowa,TOTAL HITTING ATTEMPTS,2742.0
59,Maryland,TOTAL HITTING ATTEMPTS,2465.0
60,Michigan,TOTAL HITTING ATTEMPTS,2789.0
61,Michigan St.,TOTAL HITTING ATTEMPTS,2543.0
62,Minnesota,TOTAL HITTING ATTEMPTS,2572.0
63,Nebraska,TOTAL HITTING ATTEMPTS,2643.0
64,Northwestern,TOTAL HITTING ATTEMPTS,2298.0
65,Ohio St.,TOTAL HITTING ATTEMPTS,2598.0
66,Penn St.,TOTAL HITTING ATTEMPTS,2673.0
67,Purdue,TOTAL HITTING ATTEMPTS,2864.0
68,Rutgers,TOTAL HITTING ATTEMPTS,2116.0
69,Wisconsin,TOTAL HITTING ATTEMPTS,2642.0
70,Nebraska,TOTAL HITTING ATTEMPTS,2291.0
71,Minnesota,TOTAL HITTING ATTEMPTS,2553.0
72,Wisconsin,TOTAL HITTING ATTEMPTS,2492.0
73,Penn St.,TOTAL HITTING ATTEMPTS,2179.0
74,Michigan St.,TOTAL HITTING ATTEMPTS,2480.0
75,Michigan,TOTAL HITTING ATTEMPTS,2576.0
76,Ohio St.,TOTAL HITTING ATTEMPTS,2490.0
77,Illinois,TOTAL HITTING ATTEMPTS,2524.0
78,Iowa,TOTAL HITTING ATTEMPTS,2379.0
79,Purdue,TOTAL HITTING ATTEMPTS,2375.0
80,Indiana,TOTAL HITTING ATTEMPTS,2187.0
81,Maryland,TOTAL HITTING ATTEMPTS,2295.0
82,Northwestern,TOTAL HITTING ATTEMPTS,2104.0
83,Rutgers,TOTAL HITTING ATTEMPTS,1775.0
84,Nebraska,TOTAL HITTING ATTEMPTS,2474.0
85,Minnesota,TOTAL HITTING ATTEMPTS,2569.0
86,Wisconsin,TOTAL HITTING ATTEMPTS,2545.0
87,Penn St.,TOTAL HITTING ATTEMPTS,2349.0
88,Michigan St.,TOTAL HITTING ATTEMPTS,2429.0
89,Michigan,TOTAL HITTING ATTEMPTS,2763.0
90,Ohio St.,TOTAL HITTING ATTEMPTS,2517.0
91,Illinois,TOTAL HITTING ATTEMPTS,2427.0
92,Iowa,TOTAL HITTING ATTEMPTS,2319.0
93,Purdue,TOTAL HITTING ATTEMPTS,2486.0
94,Indiana,TOTAL HITTING ATTEMPTS,2063.0
95,Maryland,TOTAL HITTING ATTEMPTS,2512.0
96,Northwestern,TOTAL HITTING ATTEMPTS,2270.0
97,Rutgers,TOTAL HITTING ATTEMPTS,1769.0
0,Minnesota,HITTING PERCENTAGE,0.266
1,Wisconsin,HITTING PERCENTAGE,0.264
2,Ohio St.,HITTING PERCENTAGE,0.246
3,Nebraska,HITTING PERCENTAGE,0.235
4,Michigan,HITTING PERCENTAGE,0.225
5,Illinois,HITTING PERCENTAGE,0.223
6,Penn St.,HITTING PERCENTAGE,0.208
7,Northwestern,HITTING PERCENTAGE,0.201
8,Purdue,HITTING PERCENTAGE,0.19
9,Michigan St.,HITTING PERCENTAGE,0.176
10,Indiana,HITTING PERCENTAGE,0.168
11,Maryland,HITTING PERCENTAGE,0.168
12,Iowa,HITTING PERCENTAGE,0.165
13,Rutgers,HITTING PERCENTAGE,0.127
14,Wisconsin,HITTING PERCENTAGE,0.269
15,Ohio St.,HITTING PERCENTAGE,0.253
16,Penn St.,HITTING PERCENTAGE,0.252
17,Michigan,HITTING PERCENTAGE,0.249
18,Minnesota,HITTING PERCENTAGE,0.232
19,Illinois,HITTING PERCENTAGE,0.23
20,Nebraska,HITTING PERCENTAGE,0.227
21,Purdue,HITTING PERCENTAGE,0.227
22,Northwestern,HITTING PERCENTAGE,0.209
23,Michigan St.,HITTING PERCENTAGE,0.191
24,Iowa,HITTING PERCENTAGE,0.188
25,Maryland,HITTING PERCENTAGE,0.165
26,Indiana,HITTING PERCENTAGE,0.147
27,Rutgers,HITTING PERCENTAGE,0.141
28,Wisconsin,HITTING PERCENTAGE,0.318
29,Nebraska,HITTING PERCENTAGE,0.27
30,Penn St.,HITTING PERCENTAGE,0.266
31,Minnesota,HITTING PERCENTAGE,0.265
32,Ohio St.,HITTING PERCENTAGE,0.249
33,Purdue,HITTING PERCENTAGE,0.243
34,Northwestern,HITTING PERCENTAGE,0.21
35,Michigan,HITTING PERCENTAGE,0.193
36,Maryland,HITTING PERCENTAGE,0.192
37,Rutgers,HITTING PERCENTAGE,0.19
38,Illinois,HITTING PERCENTAGE,0.172
39,Iowa,HITTING PERCENTAGE,0.171
40,Michigan St.,HITTING PERCENTAGE,0.167
41,Indiana,HITTING PERCENTAGE,0.142
42,Illinois,HITTING PERCENTAGE,0.23
43,Indiana,HITTING PERCENTAGE,0.152
44,Iowa,HITTING PERCENTAGE,0.195
45,Maryland,HITTING PERCENTAGE,0.19
46,Michigan,HITTING PERCENTAGE,0.265
47,Michigan St.,HITTING PERCENTAGE,0.187
48,Minnesota,HITTING PERCENTAGE,0.268
49,Nebraska,HITTING PERCENTAGE,0.284
50,Northwestern,HITTING PERCENTAGE,0.196
51,Ohio St.,HITTING PERCENTAGE,0.177
52,Penn St.,HITTING PERCENTAGE,0.274
53,Purdue,HITTING PERCENTAGE,0.221
54,Rutgers,HITTING PERCENTAGE,0.136
55,Wisconsin,HITTING PERCENTAGE,0.3
56,Illinois,HITTING PERCENTAGE,0.265
57,Indiana,HITTING PERCENTAGE,0.207
58,Iowa,HITTING PERCENTAGE,0.209
59,Maryland,HITTING PERCENTAGE,0.184
60,Michigan,HITTING PERCENTAGE,0.208
61,Michigan St.,HITTING PERCENTAGE,0.188
62,Minnesota,HITTING PERCENTAGE,0.3
63,Nebraska,HITTING PERCENTAGE,0.249
64,Northwestern,HITTING PERCENTAGE,0.161
65,Ohio St.,HITTING PERCENTAGE,0.169
66,Penn St.,HITTING PERCENTAGE,0.248
67,Purdue,HITTING PERCENTAGE,0.24
68,Rutgers,HITTING PERCENTAGE,0.127
69,Wisconsin,HITTING PERCENTAGE,0.271
70,Nebraska,HITTING PERCENTAGE,0.297
71,Minnesota,HITTING PERCENTAGE,0.28
72,Wisconsin,HITTING PERCENTAGE,0.278
73,Penn St.,HITTING PERCENTAGE,0.341
74,Michigan St.,HITTING PERCENTAGE,0.28
75,Michigan,HITTING PERCENTAGE,0.239
76,Ohio St.,HITTING PERCENTAGE,0.239
77,Illinois,HITTING PERCENTAGE,0.267
78,Iowa,HITTING PERCENTAGE,0.214
79,Purdue,HITTING PERCENTAGE,0.277
80,Indiana,HITTING PERCENTAGE,0.177
81,Maryland,HITTING PERCENTAGE,0.193
82,Northwestern,HITTING PERCENTAGE,0.223
83,Rutgers,HITTING PERCENTAGE,0.1
84,Nebraska,HITTING PERCENTAGE,0.267
85,Minnesota,HITTING PERCENTAGE,0.287
86,Wisconsin,HITTING PERCENTAGE,0.28
87,Penn St.,HITTING PERCENTAGE,0.29
88,Michigan St.,HITTING PERCENTAGE,0.224
89,Michigan,HITTING PERCENTAGE,0.229
90,Ohio St.,HITTING PERCENTAGE,0.244
91,Illinois,HITTING PERCENTAGE,0.239
92,Iowa,HITTING PERCENTAGE,0.222
93,Purdue,HITTING PERCENTAGE,0.236
94,Indiana,HITTING PERCENTAGE,0.199
95,Maryland,HITTING PERCENTAGE,0.16
96,Northwestern,HITTING PERCENTAGE,0.182
97,Rutgers,HITTING PERCENTAGE,0.115
0,Minnesota,NO. OF ASSISTS,849.0
1,Wisconsin,NO. OF ASSISTS,906.0
2,Ohio St.,NO. OF ASSISTS,1030.0
3,Nebraska,NO. OF ASSISTS,803.0
4,Michigan,NO. OF ASSISTS,892.0
5,Illinois,NO. OF ASSISTS,870.0
6,Penn St.,NO. OF ASSISTS,952.0
7,Northwestern,NO. OF ASSISTS,927.0
8,Purdue,NO. OF ASSISTS,912.0
9,Michigan St.,NO. OF ASSISTS,781.0
10,Indiana,NO. OF ASSISTS,881.0
11,Maryland,NO. OF ASSISTS,760.0
12,Iowa,NO. OF ASSISTS,775.0
13,Rutgers,NO. OF ASSISTS,594.0
14,Wisconsin,NO. OF ASSISTS,996.0
15,Ohio St.,NO. OF ASSISTS,963.0
16,Penn St.,NO. OF ASSISTS,1051.0
17,Michigan,NO. OF ASSISTS,846.0
18,Minnesota,NO. OF ASSISTS,926.0
19,Illinois,NO. OF ASSISTS,886.0
20,Nebraska,NO. OF ASSISTS,868.0
21,Purdue,NO. OF ASSISTS,933.0
22,Northwestern,NO. OF ASSISTS,926.0
23,Michigan St.,NO. OF ASSISTS,877.0
24,Iowa,NO. OF ASSISTS,772.0
25,Maryland,NO. OF ASSISTS,744.0
26,Indiana,NO. OF ASSISTS,670.0
27,Rutgers,NO. OF ASSISTS,561.0
28,Wisconsin,NO. OF ASSISTS,719.0
29,Nebraska,NO. OF ASSISTS,847.0
30,Penn St.,NO. OF ASSISTS,742.0
31,Minnesota,NO. OF ASSISTS,854.0
32,Ohio St.,NO. OF ASSISTS,1061.0
33,Purdue,NO. OF ASSISTS,1032.0
34,Northwestern,NO. OF ASSISTS,434.0
35,Michigan,NO. OF ASSISTS,628.0
36,Maryland,NO. OF ASSISTS,788.0
37,Rutgers,NO. OF ASSISTS,771.0
38,Illinois,NO. OF ASSISTS,789.0
39,Iowa,NO. OF ASSISTS,795.0
40,Michigan St.,NO. OF ASSISTS,594.0
41,Indiana,NO. OF ASSISTS,647.0
42,Illinois,NO. OF ASSISTS,969.0
43,Indiana,NO. OF ASSISTS,788.0
44,Iowa,NO. OF ASSISTS,811.0
45,Maryland,NO. OF ASSISTS,773.0
46,Michigan,NO. OF ASSISTS,986.0
47,Michigan St.,NO. OF ASSISTS,816.0
48,Minnesota,NO. OF ASSISTS,933.0
49,Nebraska,NO. OF ASSISTS,962.0
50,Northwestern,NO. OF ASSISTS,818.0
51,Ohio St.,NO. OF ASSISTS,856.0
52,Penn St.,NO. OF ASSISTS,944.0
53,Purdue,NO. OF ASSISTS,901.0
54,Rutgers,NO. OF ASSISTS,615.0
55,Wisconsin,NO. OF ASSISTS,958.0
56,Illinois,NO. OF ASSISTS,1011.0
57,Indiana,NO. OF ASSISTS,900.0
58,Iowa,NO. OF ASSISTS,934.0
59,Maryland,NO. OF ASSISTS,796.0
60,Michigan,NO. OF ASSISTS,942.0
61,Michigan St.,NO. OF ASSISTS,877.0
62,Minnesota,NO. OF ASSISTS,987.0
63,Nebraska,NO. OF ASSISTS,940.0
64,Northwestern,NO. OF ASSISTS,747.0
65,Ohio St.,NO. OF ASSISTS,858.0
66,Penn St.,NO. OF ASSISTS,973.0
67,Purdue,NO. OF ASSISTS,1029.0
68,Rutgers,NO. OF ASSISTS,679.0
69,Wisconsin,NO. OF ASSISTS,1004.0
70,Nebraska,NO. OF ASSISTS,907.0
71,Minnesota,NO. OF ASSISTS,960.0
72,Wisconsin,NO. OF ASSISTS,997.0
73,Penn St.,NO. OF ASSISTS,925.0
74,Michigan St.,NO. OF ASSISTS,947.0
75,Michigan,NO. OF ASSISTS,942.0
76,Ohio St.,NO. OF ASSISTS,897.0
77,Illinois,NO. OF ASSISTS,928.0
78,Iowa,NO. OF ASSISTS,818.0
79,Purdue,NO. OF ASSISTS,951.0
80,Indiana,NO. OF ASSISTS,721.0
81,Maryland,NO. OF ASSISTS,775.0
82,Northwestern,NO. OF ASSISTS,777.0
83,Rutgers,NO. OF ASSISTS,511.0
84,Nebraska,NO. OF ASSISTS,929.0
85,Minnesota,NO. OF ASSISTS,984.0
86,Wisconsin,NO. OF ASSISTS,999.0
87,Penn St.,NO. OF ASSISTS,918.0
88,Michigan St.,NO. OF ASSISTS,874.0
89,Michigan,NO. OF ASSISTS,999.0
90,Ohio St.,NO. OF ASSISTS,961.0
91,Illinois,NO. OF ASSISTS,874.0
92,Iowa,NO. OF ASSISTS,864.0
93,Purdue,NO. OF ASSISTS,958.0
94,Indiana,NO. OF ASSISTS,761.0
95,Maryland,NO. OF ASSISTS,777.0
96,Northwestern,NO. OF ASSISTS,727.0
97,Rutgers,NO. OF ASSISTS,501.0
0,Minnesota,AVG. ASSISTS /S,12.3
1,Wisconsin,AVG. ASSISTS /S,12.76
2,Ohio St.,AVG. ASSISTS /S,13.38
3,Nebraska,AVG. ASSISTS /S,11.99
4,Michigan,AVG. ASSISTS /S,12.39
5,Illinois,AVG. ASSISTS /S,12.08
6,Penn St.,AVG. ASSISTS /S,12.36
7,Northwestern,AVG. ASSISTS /S,12.7
8,Purdue,AVG. ASSISTS /S,11.4
9,Michigan St.,AVG. ASSISTS /S,10.55
10,Indiana,AVG. ASSISTS /S,10.74
11,Maryland,AVG. ASSISTS /S,10.13
12,Iowa,AVG. ASSISTS /S,10.33
13,Rutgers,AVG. ASSISTS /S,9.0
14,Wisconsin,AVG. ASSISTS /S,13.46
15,Ohio St.,AVG. ASSISTS /S,13.76
16,Penn St.,AVG. ASSISTS /S,13.47
17,Michigan,AVG. ASSISTS /S,11.92
18,Minnesota,AVG. ASSISTS /S,12.68
19,Illinois,AVG. ASSISTS /S,11.66
20,Nebraska,AVG. ASSISTS /S,13.35
21,Purdue,AVG. ASSISTS /S,11.52
22,Northwestern,AVG. ASSISTS /S,11.58
23,Michigan St.,AVG. ASSISTS /S,11.69
24,Iowa,AVG. ASSISTS /S,11.35
25,Maryland,AVG. ASSISTS /S,10.19
26,Indiana,AVG. ASSISTS /S,9.71
27,Rutgers,AVG. ASSISTS /S,8.9
28,Wisconsin,AVG. ASSISTS /S,12.84
29,Nebraska,AVG. ASSISTS /S,12.83
30,Penn St.,AVG. ASSISTS /S,12.37
31,Minnesota,AVG. ASSISTS /S,12.03
32,Ohio St.,AVG. ASSISTS /S,13.1
33,Purdue,AVG. ASSISTS /S,12.29
34,Northwestern,AVG. ASSISTS /S,10.85
35,Michigan,AVG. ASSISTS /S,12.31
36,Maryland,AVG. ASSISTS /S,9.61
37,Rutgers,AVG. ASSISTS /S,10.42
38,Illinois,AVG. ASSISTS /S,11.11
39,Iowa,AVG. ASSISTS /S,10.74
40,Michigan St.,AVG. ASSISTS /S,10.8
41,Indiana,AVG. ASSISTS /S,9.95
42,Illinois,AVG. ASSISTS /S,13.09
43,Indiana,AVG. ASSISTS /S,10.51
44,Iowa,AVG. ASSISTS /S,11.11
45,Maryland,AVG. ASSISTS /S,10.31
46,Michigan,AVG. ASSISTS /S,13.15
47,Michigan St.,AVG. ASSISTS /S,11.03
48,Minnesota,AVG. ASSISTS /S,12.61
49,Nebraska,AVG. ASSISTS /S,13.18
50,Northwestern,AVG. ASSISTS /S,11.05
51,Ohio St.,AVG. ASSISTS /S,12.23
52,Penn St.,AVG. ASSISTS /S,13.11
53,Purdue,AVG. ASSISTS /S,11.86
54,Rutgers,AVG. ASSISTS /S,9.46
55,Wisconsin,AVG. ASSISTS /S,13.88
56,Illinois,AVG. ASSISTS /S,13.66
57,Indiana,AVG. ASSISTS /S,11.69
58,Iowa,AVG. ASSISTS /S,11.82
59,Maryland,AVG. ASSISTS /S,11.21
60,Michigan,AVG. ASSISTS /S,12.39
61,Michigan St.,AVG. ASSISTS /S,11.39
62,Minnesota,AVG. ASSISTS /S,14.1
63,Nebraska,AVG. ASSISTS /S,12.37
64,Northwestern,AVG. ASSISTS /S,10.67
65,Ohio St.,AVG. ASSISTS /S,11.29
66,Penn St.,AVG. ASSISTS /S,13.15
67,Purdue,AVG. ASSISTS /S,12.55
68,Rutgers,AVG. ASSISTS /S,9.99
69,Wisconsin,AVG. ASSISTS /S,13.57
70,Nebraska,AVG. ASSISTS /S,13.14
71,Minnesota,AVG. ASSISTS /S,13.71
72,Wisconsin,AVG. ASSISTS /S,13.29
73,Penn St.,AVG. ASSISTS /S,13.41
74,Michigan St.,AVG. ASSISTS /S,13.34
75,Michigan,AVG. ASSISTS /S,12.56
76,Ohio St.,AVG. ASSISTS /S,12.46
77,Illinois,AVG. ASSISTS /S,12.54
78,Iowa,AVG. ASSISTS /S,11.69
79,Purdue,AVG. ASSISTS /S,13.21
80,Indiana,AVG. ASSISTS /S,10.6
81,Maryland,AVG. ASSISTS /S,11.23
82,Northwestern,AVG. ASSISTS /S,11.6
83,Rutgers,AVG. ASSISTS /S,8.11
84,Nebraska,AVG. ASSISTS /S,13.08
85,Minnesota,AVG. ASSISTS /S,12.78
86,Wisconsin,AVG. ASSISTS /S,13.5
87,Penn St.,AVG. ASSISTS /S,12.93
88,Michigan St.,AVG. ASSISTS /S,12.49
89,Michigan,AVG. ASSISTS /S,12.81
90,Ohio St.,AVG. ASSISTS /S,12.81
91,Illinois,AVG. ASSISTS /S,12.14
92,Iowa,AVG. ASSISTS /S,12.0
93,Purdue,AVG. ASSISTS /S,11.83
94,Indiana,AVG. ASSISTS /S,11.19
95,Maryland,AVG. ASSISTS /S,10.79
96,Northwestern,AVG. ASSISTS /S,10.85
97,Rutgers,AVG. ASSISTS /S,8.08
0,Minnesota,NO. OF KILLS,929.0
1,Wisconsin,NO. OF KILLS,980.0
2,Ohio St.,NO. OF KILLS,1093.0
3,Nebraska,NO. OF KILLS,883.0
4,Michigan,NO. OF KILLS,958.0
5,Illinois,NO. OF KILLS,931.0
6,Penn St.,NO. OF KILLS,1014.0
7,Northwestern,NO. OF KILLS,981.0
8,Purdue,NO. OF KILLS,988.0
9,Michigan St.,NO. OF KILLS,850.0
10,Indiana,NO. OF KILLS,962.0
11,Maryland,NO. OF KILLS,843.0
12,Iowa,NO. OF KILLS,864.0
13,Rutgers,NO. OF KILLS,643.0
14,Wisconsin,NO. OF KILLS,1084.0
15,Ohio St.,NO. OF KILLS,1045.0
16,Penn St.,NO. OF KILLS,1126.0
17,Michigan,NO. OF KILLS,938.0
18,Minnesota,NO. OF KILLS,997.0
19,Illinois,NO. OF KILLS,967.0
20,Nebraska,NO. OF KILLS,941.0
21,Purdue,NO. OF KILLS,1029.0
22,Northwestern,NO. OF KILLS,1014.0
23,Michigan St.,NO. OF KILLS,929.0
24,Iowa,NO. OF KILLS,835.0
25,Maryland,NO. OF KILLS,814.0
26,Indiana,NO. OF KILLS,750.0
27,Rutgers,NO. OF KILLS,622.0
28,Wisconsin,NO. OF KILLS,785.0
29,Nebraska,NO. OF KILLS,925.0
30,Penn St.,NO. OF KILLS,807.0
31,Minnesota,NO. OF KILLS,944.0
32,Ohio St.,NO. OF KILLS,1154.0
33,Purdue,NO. OF KILLS,1111.0
34,Northwestern,NO. OF KILLS,490.0
35,Michigan,NO. OF KILLS,670.0
36,Maryland,NO. OF KILLS,854.0
37,Rutgers,NO. OF KILLS,848.0
38,Illinois,NO. OF KILLS,884.0
39,Iowa,NO. OF KILLS,867.0
40,Michigan St.,NO. OF KILLS,634.0
41,Indiana,NO. OF KILLS,700.0
42,Illinois,NO. OF KILLS,1036.0
43,Indiana,NO. OF KILLS,841.0
44,Iowa,NO. OF KILLS,874.0
45,Maryland,NO. OF KILLS,820.0
46,Michigan,NO. OF KILLS,1077.0
47,Michigan St.,NO. OF KILLS,869.0
48,Minnesota,NO. OF KILLS,1010.0
49,Nebraska,NO. OF KILLS,1038.0
50,Northwestern,NO. OF KILLS,890.0
51,Ohio St.,NO. OF KILLS,932.0
52,Penn St.,NO. OF KILLS,997.0
53,Purdue,NO. OF KILLS,964.0
54,Rutgers,NO. OF KILLS,654.0
55,Wisconsin,NO. OF KILLS,1003.0
56,Illinois,NO. OF KILLS,1071.0
57,Indiana,NO. OF KILLS,960.0
58,Iowa,NO. OF KILLS,980.0
59,Maryland,NO. OF KILLS,848.0
60,Michigan,NO. OF KILLS,997.0
61,Michigan St.,NO. OF KILLS,943.0
62,Minnesota,NO. OF KILLS,1052.0
63,Nebraska,NO. OF KILLS,1010.0
64,Northwestern,NO. OF KILLS,798.0
65,Ohio St.,NO. OF KILLS,898.0
66,Penn St.,NO. OF KILLS,1031.0
67,Purdue,NO. OF KILLS,1094.0
68,Rutgers,NO. OF KILLS,715.0
69,Wisconsin,NO. OF KILLS,1049.0
70,Nebraska,NO. OF KILLS,983.0
71,Minnesota,NO. OF KILLS,1030.0
72,Wisconsin,NO. OF KILLS,1032.0
73,Penn St.,NO. OF KILLS,990.0
74,Michigan St.,NO. OF KILLS,1028.0
75,Michigan,NO. OF KILLS,1003.0
76,Ohio St.,NO. OF KILLS,966.0
77,Illinois,NO. OF KILLS,999.0
78,Iowa,NO. OF KILLS,881.0
79,Purdue,NO. OF KILLS,1021.0
80,Indiana,NO. OF KILLS,774.0
81,Maryland,NO. OF KILLS,839.0
82,Northwestern,NO. OF KILLS,813.0
83,Rutgers,NO. OF KILLS,536.0
84,Nebraska,NO. OF KILLS,1002.0
85,Minnesota,NO. OF KILLS,1047.0
86,Wisconsin,NO. OF KILLS,1054.0
87,Penn St.,NO. OF KILLS,980.0
88,Michigan St.,NO. OF KILLS,942.0
89,Michigan,NO. OF KILLS,1058.0
90,Ohio St.,NO. OF KILLS,1029.0
91,Illinois,NO. OF KILLS,928.0
92,Iowa,NO. OF KILLS,911.0
93,Purdue,NO. OF KILLS,1021.0
94,Indiana,NO. OF KILLS,830.0
95,Maryland,NO. OF KILLS,839.0
96,Northwestern,NO. OF KILLS,778.0
97,Rutgers,NO. OF KILLS,545.0
0,Minnesota,AVG. KILLS /S,13.46
1,Wisconsin,AVG. KILLS /S,13.8
2,Ohio St.,AVG. KILLS /S,14.19
3,Nebraska,AVG. KILLS /S,13.18
4,Michigan,AVG. KILLS /S,13.31
5,Illinois,AVG. KILLS /S,12.93
6,Penn St.,AVG. KILLS /S,13.17
7,Northwestern,AVG. KILLS /S,13.44
8,Purdue,AVG. KILLS /S,12.35
9,Michigan St.,AVG. KILLS /S,11.49
10,Indiana,AVG. KILLS /S,11.73
11,Maryland,AVG. KILLS /S,11.24
12,Iowa,AVG. KILLS /S,11.52
13,Rutgers,AVG. KILLS /S,9.74
14,Wisconsin,AVG. KILLS /S,14.65
15,Ohio St.,AVG. KILLS /S,14.93
16,Penn St.,AVG. KILLS /S,14.44
17,Michigan,AVG. KILLS /S,13.21
18,Minnesota,AVG. KILLS /S,13.66
19,Illinois,AVG. KILLS /S,12.72
20,Nebraska,AVG. KILLS /S,14.48
21,Purdue,AVG. KILLS /S,12.7
22,Northwestern,AVG. KILLS /S,12.68
23,Michigan St.,AVG. KILLS /S,12.39
24,Iowa,AVG. KILLS /S,12.28
25,Maryland,AVG. KILLS /S,11.15
26,Indiana,AVG. KILLS /S,10.87
27,Rutgers,AVG. KILLS /S,9.87
28,Wisconsin,AVG. KILLS /S,14.02
29,Nebraska,AVG. KILLS /S,14.02
30,Penn St.,AVG. KILLS /S,13.45
31,Minnesota,AVG. KILLS /S,13.3
32,Ohio St.,AVG. KILLS /S,14.25
33,Purdue,AVG. KILLS /S,13.23
34,Northwestern,AVG. KILLS /S,12.25
35,Michigan,AVG. KILLS /S,13.14
36,Maryland,AVG. KILLS /S,10.41
37,Rutgers,AVG. KILLS /S,11.46
38,Illinois,AVG. KILLS /S,12.45
39,Iowa,AVG. KILLS /S,11.72
40,Michigan St.,AVG. KILLS /S,11.53
41,Indiana,AVG. KILLS /S,10.77
42,Illinois,AVG. KILLS /S,14.0
43,Indiana,AVG. KILLS /S,11.21
44,Iowa,AVG. KILLS /S,11.97
45,Maryland,AVG. KILLS /S,10.93
46,Michigan,AVG. KILLS /S,14.36
47,Michigan St.,AVG. KILLS /S,11.74
48,Minnesota,AVG. KILLS /S,13.65
49,Nebraska,AVG. KILLS /S,14.22
50,Northwestern,AVG. KILLS /S,12.03
51,Ohio St.,AVG. KILLS /S,13.31
52,Penn St.,AVG. KILLS /S,13.85
53,Purdue,AVG. KILLS /S,12.68
54,Rutgers,AVG. KILLS /S,10.06
55,Wisconsin,AVG. KILLS /S,14.54
56,Illinois,AVG. KILLS /S,14.47
57,Indiana,AVG. KILLS /S,12.47
58,Iowa,AVG. KILLS /S,12.41
59,Maryland,AVG. KILLS /S,11.94
60,Michigan,AVG. KILLS /S,13.12
61,Michigan St.,AVG. KILLS /S,12.25
62,Minnesota,AVG. KILLS /S,15.03
63,Nebraska,AVG. KILLS /S,13.29
64,Northwestern,AVG. KILLS /S,11.4
65,Ohio St.,AVG. KILLS /S,11.82
66,Penn St.,AVG. KILLS /S,13.93
67,Purdue,AVG. KILLS /S,13.34
68,Rutgers,AVG. KILLS /S,10.51
69,Wisconsin,AVG. KILLS /S,14.18
70,Nebraska,AVG. KILLS /S,14.25
71,Minnesota,AVG. KILLS /S,14.71
72,Wisconsin,AVG. KILLS /S,13.76
73,Penn St.,AVG. KILLS /S,14.35
74,Michigan St.,AVG. KILLS /S,14.48
75,Michigan,AVG. KILLS /S,13.37
76,Ohio St.,AVG. KILLS /S,13.42
77,Illinois,AVG. KILLS /S,13.5
78,Iowa,AVG. KILLS /S,12.59
79,Purdue,AVG. KILLS /S,14.18
80,Indiana,AVG. KILLS /S,11.38
81,Maryland,AVG. KILLS /S,12.16
82,Northwestern,AVG. KILLS /S,12.13
83,Rutgers,AVG. KILLS /S,8.51
84,Nebraska,AVG. KILLS /S,14.11
85,Minnesota,AVG. KILLS /S,13.6
86,Wisconsin,AVG. KILLS /S,14.24
87,Penn St.,AVG. KILLS /S,13.8
88,Michigan St.,AVG. KILLS /S,13.46
89,Michigan,AVG. KILLS /S,13.56
90,Ohio St.,AVG. KILLS /S,13.72
91,Illinois,AVG. KILLS /S,12.89
92,Iowa,AVG. KILLS /S,12.65
93,Purdue,AVG. KILLS /S,12.6
94,Indiana,AVG. KILLS /S,12.21
95,Maryland,AVG. KILLS /S,11.65
96,Northwestern,AVG. KILLS /S,11.61
97,Rutgers,AVG. KILLS /S,8.79
0,Minnesota,NO. OF BLOCKS,206.0
1,Wisconsin,NO. OF BLOCKS,211.5
2,Ohio St.,NO. OF BLOCKS,178.0
3,Nebraska,NO. OF BLOCKS,181.5
4,Michigan,NO. OF BLOCKS,188.0
5,Illinois,NO. OF BLOCKS,171.0
6,Penn St.,NO. OF BLOCKS,191.0
7,Northwestern,NO. OF BLOCKS,150.0
8,Purdue,NO. OF BLOCKS,210.0
9,Michigan St.,NO. OF BLOCKS,158.0
10,Indiana,NO. OF BLOCKS,167.0
11,Maryland,NO. OF BLOCKS,248.0
12,Iowa,NO. OF BLOCKS,131.5
13,Rutgers,NO. OF BLOCKS,127.5
14,Wisconsin,NO. OF BLOCKS,196.5
15,Ohio St.,NO. OF BLOCKS,162.5
16,Penn St.,NO. OF BLOCKS,205.0
17,Michigan,NO. OF BLOCKS,144.0
18,Minnesota,NO. OF BLOCKS,171.0
19,Illinois,NO. OF BLOCKS,177.0
20,Nebraska,NO. OF BLOCKS,158.0
21,Purdue,NO. OF BLOCKS,250.0
22,Northwestern,NO. OF BLOCKS,152.0
23,Michigan St.,NO. OF BLOCKS,171.0
24,Iowa,NO. OF BLOCKS,94.0
25,Maryland,NO. OF BLOCKS,217.5
26,Indiana,NO. OF BLOCKS,109.0
27,Rutgers,NO. OF BLOCKS,128.0
28,Wisconsin,NO. OF BLOCKS,145.5
29,Nebraska,NO. OF BLOCKS,155.5
30,Penn St.,NO. OF BLOCKS,138.0
31,Minnesota,NO. OF BLOCKS,200.0
32,Ohio St.,NO. OF BLOCKS,186.0
33,Purdue,NO. OF BLOCKS,248.0
34,Northwestern,NO. OF BLOCKS,70.0
35,Michigan,NO. OF BLOCKS,74.5
36,Maryland,NO. OF BLOCKS,258.0
37,Rutgers,NO. OF BLOCKS,124.5
38,Illinois,NO. OF BLOCKS,151.0
39,Iowa,NO. OF BLOCKS,139.0
40,Michigan St.,NO. OF BLOCKS,101.0
41,Indiana,NO. OF BLOCKS,134.0
42,Illinois,NO. OF BLOCKS,147.0
43,Indiana,NO. OF BLOCKS,150.0
44,Iowa,NO. OF BLOCKS,121.0
45,Maryland,NO. OF BLOCKS,186.0
46,Michigan,NO. OF BLOCKS,146.0
47,Michigan St.,NO. OF BLOCKS,186.0
48,Minnesota,NO. OF BLOCKS,218.0
49,Nebraska,NO. OF BLOCKS,171.0
50,Northwestern,NO. OF BLOCKS,139.0
51,Ohio St.,NO. OF BLOCKS,135.0
52,Penn St.,NO. OF BLOCKS,168.0
53,Purdue,NO. OF BLOCKS,201.0
54,Rutgers,NO. OF BLOCKS,132.0
55,Wisconsin,NO. OF BLOCKS,178.0
56,Illinois,NO. OF BLOCKS,176.0
57,Indiana,NO. OF BLOCKS,187.0
58,Iowa,NO. OF BLOCKS,159.0
59,Maryland,NO. OF BLOCKS,170.0
60,Michigan,NO. OF BLOCKS,139.0
61,Michigan St.,NO. OF BLOCKS,192.0
62,Minnesota,NO. OF BLOCKS,154.0
63,Nebraska,NO. OF BLOCKS,220.0
64,Northwestern,NO. OF BLOCKS,151.0
65,Ohio St.,NO. OF BLOCKS,103.0
66,Penn St.,NO. OF BLOCKS,196.0
67,Purdue,NO. OF BLOCKS,184.0
68,Rutgers,NO. OF BLOCKS,153.0
69,Wisconsin,NO. OF BLOCKS,188.0
70,Nebraska,NO. OF BLOCKS,164.0
71,Minnesota,NO. OF BLOCKS,166.0
72,Wisconsin,NO. OF BLOCKS,181.0
73,Penn St.,NO. OF BLOCKS,214.0
74,Michigan St.,NO. OF BLOCKS,134.0
75,Michigan,NO. OF BLOCKS,161.0
76,Ohio St.,NO. OF BLOCKS,136.0
77,Illinois,NO. OF BLOCKS,199.0
78,Iowa,NO. OF BLOCKS,154.0
79,Purdue,NO. OF BLOCKS,176.0
80,Indiana,NO. OF BLOCKS,97.0
81,Maryland,NO. OF BLOCKS,122.0
82,Northwestern,NO. OF BLOCKS,121.0
83,Rutgers,NO. OF BLOCKS,95.0
84,Nebraska,NO. OF BLOCKS,211.0
85,Minnesota,NO. OF BLOCKS,186.0
86,Wisconsin,NO. OF BLOCKS,162.0
87,Penn St.,NO. OF BLOCKS,170.0
88,Michigan St.,NO. OF BLOCKS,185.0
89,Michigan,NO. OF BLOCKS,180.0
90,Ohio St.,NO. OF BLOCKS,142.0
91,Illinois,NO. OF BLOCKS,204.0
92,Iowa,NO. OF BLOCKS,120.0
93,Purdue,NO. OF BLOCKS,173.0
94,Indiana,NO. OF BLOCKS,113.0
95,Maryland,NO. OF BLOCKS,150.0
96,Northwestern,NO. OF BLOCKS,121.0
97,Rutgers,NO. OF BLOCKS,130.0
0,Minnesota,BLOCK SOLOS,25.0
1,Wisconsin,BLOCK SOLOS,27.0
2,Ohio St.,BLOCK SOLOS,31.0
3,Nebraska,BLOCK SOLOS,20.0
4,Michigan,BLOCK SOLOS,38.0
5,Illinois,BLOCK SOLOS,23.0
6,Penn St.,BLOCK SOLOS,53.0
7,Northwestern,BLOCK SOLOS,45.0
8,Purdue,BLOCK SOLOS,40.0
9,Michigan St.,BLOCK SOLOS,40.0
10,Indiana,BLOCK SOLOS,64.0
11,Maryland,BLOCK SOLOS,39.0
12,Iowa,BLOCK SOLOS,32.0
13,Rutgers,BLOCK SOLOS,27.0
14,Wisconsin,BLOCK SOLOS,30.0
15,Ohio St.,BLOCK SOLOS,18.0
16,Penn St.,BLOCK SOLOS,52.0
17,Michigan,BLOCK SOLOS,31.0
18,Minnesota,BLOCK SOLOS,31.0
19,Illinois,BLOCK SOLOS,30.0
20,Nebraska,BLOCK SOLOS,22.0
21,Purdue,BLOCK SOLOS,34.0
22,Northwestern,BLOCK SOLOS,63.0
23,Michigan St.,BLOCK SOLOS,20.0
24,Iowa,BLOCK SOLOS,16.0
25,Maryland,BLOCK SOLOS,33.0
26,Indiana,BLOCK SOLOS,58.0
27,Rutgers,BLOCK SOLOS,26.0
28,Wisconsin,BLOCK SOLOS,30.0
29,Nebraska,BLOCK SOLOS,21.0
30,Penn St.,BLOCK SOLOS,27.0
31,Minnesota,BLOCK SOLOS,32.0
32,Ohio St.,BLOCK SOLOS,27.0
33,Purdue,BLOCK SOLOS,33.0
34,Northwestern,BLOCK SOLOS,15.0
35,Michigan,BLOCK SOLOS,14.0
36,Maryland,BLOCK SOLOS,34.0
37,Rutgers,BLOCK SOLOS,17.0
38,Illinois,BLOCK SOLOS,20.0
39,Iowa,BLOCK SOLOS,16.0
40,Michigan St.,BLOCK SOLOS,22.0
41,Indiana,BLOCK SOLOS,36.0
42,Illinois,BLOCK SOLOS,25.0
43,Indiana,BLOCK SOLOS,55.0
44,Iowa,BLOCK SOLOS,21.0
45,Maryland,BLOCK SOLOS,23.0
46,Michigan,BLOCK SOLOS,20.0
47,Michigan St.,BLOCK SOLOS,43.0
48,Minnesota,BLOCK SOLOS,38.0
49,Nebraska,BLOCK SOLOS,34.0
50,Northwestern,BLOCK SOLOS,47.0
51,Ohio St.,BLOCK SOLOS,30.0
52,Penn St.,BLOCK SOLOS,40.0
53,Purdue,BLOCK SOLOS,41.0
54,Rutgers,BLOCK SOLOS,19.0
55,Wisconsin,BLOCK SOLOS,20.0
56,Illinois,BLOCK SOLOS,33.0
57,Indiana,BLOCK SOLOS,72.0
58,Iowa,BLOCK SOLOS,39.0
59,Maryland,BLOCK SOLOS,40.0
60,Michigan,BLOCK SOLOS,33.0
61,Michigan St.,BLOCK SOLOS,57.0
62,Minnesota,BLOCK SOLOS,31.0
63,Nebraska,BLOCK SOLOS,36.0
64,Northwestern,BLOCK SOLOS,31.0
65,Ohio St.,BLOCK SOLOS,29.0
66,Penn St.,BLOCK SOLOS,46.0
67,Purdue,BLOCK SOLOS,52.0
68,Rutgers,BLOCK SOLOS,28.0
69,Wisconsin,BLOCK SOLOS,19.0
70,Nebraska,BLOCK SOLOS,40.0
71,Minnesota,BLOCK SOLOS,28.0
72,Wisconsin,BLOCK SOLOS,21.0
73,Penn St.,BLOCK SOLOS,54.0
74,Michigan St.,BLOCK SOLOS,26.0
75,Michigan,BLOCK SOLOS,45.0
76,Ohio St.,BLOCK SOLOS,35.0
77,Illinois,BLOCK SOLOS,29.0
78,Iowa,BLOCK SOLOS,34.0
79,Purdue,BLOCK SOLOS,50.0
80,Indiana,BLOCK SOLOS,24.0
81,Maryland,BLOCK SOLOS,43.0
82,Northwestern,BLOCK SOLOS,29.0
83,Rutgers,BLOCK SOLOS,13.0
84,Nebraska,BLOCK SOLOS,34.0
85,Minnesota,BLOCK SOLOS,16.0
86,Wisconsin,BLOCK SOLOS,22.0
87,Penn St.,BLOCK SOLOS,39.0
88,Michigan St.,BLOCK SOLOS,28.0
89,Michigan,BLOCK SOLOS,57.0
90,Ohio St.,BLOCK SOLOS,38.0
91,Illinois,BLOCK SOLOS,21.0
92,Iowa,BLOCK SOLOS,19.0
93,Purdue,BLOCK SOLOS,51.0
94,Indiana,BLOCK SOLOS,33.0
95,Maryland,BLOCK SOLOS,32.0
96,Northwestern,BLOCK SOLOS,36.0
97,Rutgers,BLOCK SOLOS,17.0
0,Minnesota,BLOCK ASSISTS,362.0
1,Wisconsin,BLOCK ASSISTS,369.0
2,Ohio St.,BLOCK ASSISTS,294.0
3,Nebraska,BLOCK ASSISTS,323.0
4,Michigan,BLOCK ASSISTS,300.0
5,Illinois,BLOCK ASSISTS,296.0
6,Penn St.,BLOCK ASSISTS,276.0
7,Northwestern,BLOCK ASSISTS,210.0
8,Purdue,BLOCK ASSISTS,340.0
9,Michigan St.,BLOCK ASSISTS,236.0
10,Indiana,BLOCK ASSISTS,206.0
11,Maryland,BLOCK ASSISTS,418.0
12,Iowa,BLOCK ASSISTS,199.0
13,Rutgers,BLOCK ASSISTS,201.0
14,Wisconsin,BLOCK ASSISTS,333.0
15,Ohio St.,BLOCK ASSISTS,289.0
16,Penn St.,BLOCK ASSISTS,306.0
17,Michigan,BLOCK ASSISTS,226.0
18,Minnesota,BLOCK ASSISTS,280.0
19,Illinois,BLOCK ASSISTS,294.0
20,Nebraska,BLOCK ASSISTS,272.0
21,Purdue,BLOCK ASSISTS,432.0
22,Northwestern,BLOCK ASSISTS,178.0
23,Michigan St.,BLOCK ASSISTS,302.0
24,Iowa,BLOCK ASSISTS,156.0
25,Maryland,BLOCK ASSISTS,369.0
26,Indiana,BLOCK ASSISTS,102.0
27,Rutgers,BLOCK ASSISTS,204.0
28,Wisconsin,BLOCK ASSISTS,231.0
29,Nebraska,BLOCK ASSISTS,269.0
30,Penn St.,BLOCK ASSISTS,222.0
31,Minnesota,BLOCK ASSISTS,336.0
32,Ohio St.,BLOCK ASSISTS,318.0
33,Purdue,BLOCK ASSISTS,430.0
34,Northwestern,BLOCK ASSISTS,110.0
35,Michigan,BLOCK ASSISTS,121.0
36,Maryland,BLOCK ASSISTS,448.0
37,Rutgers,BLOCK ASSISTS,215.0
38,Illinois,BLOCK ASSISTS,262.0
39,Iowa,BLOCK ASSISTS,246.0
40,Michigan St.,BLOCK ASSISTS,158.0
41,Indiana,BLOCK ASSISTS,196.0
42,Illinois,BLOCK ASSISTS,243.0
43,Indiana,BLOCK ASSISTS,189.0
44,Iowa,BLOCK ASSISTS,200.0
45,Maryland,BLOCK ASSISTS,326.0
46,Michigan,BLOCK ASSISTS,252.0
47,Michigan St.,BLOCK ASSISTS,286.0
48,Minnesota,BLOCK ASSISTS,359.0
49,Nebraska,BLOCK ASSISTS,274.0
50,Northwestern,BLOCK ASSISTS,184.0
51,Ohio St.,BLOCK ASSISTS,209.0
52,Penn St.,BLOCK ASSISTS,256.0
53,Purdue,BLOCK ASSISTS,320.0
54,Rutgers,BLOCK ASSISTS,226.0
55,Wisconsin,BLOCK ASSISTS,316.0
56,Illinois,BLOCK ASSISTS,286.0
57,Indiana,BLOCK ASSISTS,230.0
58,Iowa,BLOCK ASSISTS,240.0
59,Maryland,BLOCK ASSISTS,260.0
60,Michigan,BLOCK ASSISTS,212.0
61,Michigan St.,BLOCK ASSISTS,269.0
62,Minnesota,BLOCK ASSISTS,245.0
63,Nebraska,BLOCK ASSISTS,368.0
64,Northwestern,BLOCK ASSISTS,239.0
65,Ohio St.,BLOCK ASSISTS,148.0
66,Penn St.,BLOCK ASSISTS,300.0
67,Purdue,BLOCK ASSISTS,264.0
68,Rutgers,BLOCK ASSISTS,250.0
69,Wisconsin,BLOCK ASSISTS,337.0
70,Nebraska,BLOCK ASSISTS,247.0
71,Minnesota,BLOCK ASSISTS,276.0
72,Wisconsin,BLOCK ASSISTS,320.0
73,Penn St.,BLOCK ASSISTS,320.0
74,Michigan St.,BLOCK ASSISTS,216.0
75,Michigan,BLOCK ASSISTS,232.0
76,Ohio St.,BLOCK ASSISTS,202.0
77,Illinois,BLOCK ASSISTS,339.0
78,Iowa,BLOCK ASSISTS,240.0
79,Purdue,BLOCK ASSISTS,252.0
80,Indiana,BLOCK ASSISTS,146.0
81,Maryland,BLOCK ASSISTS,158.0
82,Northwestern,BLOCK ASSISTS,184.0
83,Rutgers,BLOCK ASSISTS,164.0
84,Nebraska,BLOCK ASSISTS,354.0
85,Minnesota,BLOCK ASSISTS,340.0
86,Wisconsin,BLOCK ASSISTS,279.0
87,Penn St.,BLOCK ASSISTS,262.0
88,Michigan St.,BLOCK ASSISTS,313.0
89,Michigan,BLOCK ASSISTS,246.0
90,Ohio St.,BLOCK ASSISTS,208.0
91,Illinois,BLOCK ASSISTS,366.0
92,Iowa,BLOCK ASSISTS,202.0
93,Purdue,BLOCK ASSISTS,244.0
94,Indiana,BLOCK ASSISTS,160.0
95,Maryland,BLOCK ASSISTS,235.0
96,Northwestern,BLOCK ASSISTS,169.0
97,Rutgers,BLOCK ASSISTS,225.0
0,Minnesota,AVG. BLOCKS /S,2.99
1,Wisconsin,AVG. BLOCKS /S,2.98
2,Ohio St.,AVG. BLOCKS /S,2.31
3,Nebraska,AVG. BLOCKS /S,2.71
4,Michigan,AVG. BLOCKS /S,2.61
5,Illinois,AVG. BLOCKS /S,2.38
6,Penn St.,AVG. BLOCKS /S,2.48
7,Northwestern,AVG. BLOCKS /S,2.05
8,Purdue,AVG. BLOCKS /S,2.63
9,Michigan St.,AVG. BLOCKS /S,2.14
10,Indiana,AVG. BLOCKS /S,2.04
11,Maryland,AVG. BLOCKS /S,3.31
12,Iowa,AVG. BLOCKS /S,1.75
13,Rutgers,AVG. BLOCKS /S,1.93
14,Wisconsin,AVG. BLOCKS /S,2.66
15,Ohio St.,AVG. BLOCKS /S,2.32
16,Penn St.,AVG. BLOCKS /S,2.63
17,Michigan,AVG. BLOCKS /S,2.03
18,Minnesota,AVG. BLOCKS /S,2.34
19,Illinois,AVG. BLOCKS /S,2.33
20,Nebraska,AVG. BLOCKS /S,2.43
21,Purdue,AVG. BLOCKS /S,3.09
22,Northwestern,AVG. BLOCKS /S,1.9
23,Michigan St.,AVG. BLOCKS /S,2.28
24,Iowa,AVG. BLOCKS /S,1.38
25,Maryland,AVG. BLOCKS /S,2.98
26,Indiana,AVG. BLOCKS /S,1.58
27,Rutgers,AVG. BLOCKS /S,2.03
28,Wisconsin,AVG. BLOCKS /S,2.6
29,Nebraska,AVG. BLOCKS /S,2.36
30,Penn St.,AVG. BLOCKS /S,2.3
31,Minnesota,AVG. BLOCKS /S,2.82
32,Ohio St.,AVG. BLOCKS /S,2.3
33,Purdue,AVG. BLOCKS /S,2.95
34,Northwestern,AVG. BLOCKS /S,1.75
35,Michigan,AVG. BLOCKS /S,1.46
36,Maryland,AVG. BLOCKS /S,3.15
37,Rutgers,AVG. BLOCKS /S,1.68
38,Illinois,AVG. BLOCKS /S,2.13
39,Iowa,AVG. BLOCKS /S,1.88
40,Michigan St.,AVG. BLOCKS /S,1.84
41,Indiana,AVG. BLOCKS /S,2.06
42,Illinois,AVG. BLOCKS /S,1.99
43,Indiana,AVG. BLOCKS /S,2.0
44,Iowa,AVG. BLOCKS /S,1.66
45,Maryland,AVG. BLOCKS /S,2.48
46,Michigan,AVG. BLOCKS /S,1.95
47,Michigan St.,AVG. BLOCKS /S,2.51
48,Minnesota,AVG. BLOCKS /S,2.95
49,Nebraska,AVG. BLOCKS /S,2.34
50,Northwestern,AVG. BLOCKS /S,1.88
51,Ohio St.,AVG. BLOCKS /S,1.93
52,Penn St.,AVG. BLOCKS /S,2.33
53,Purdue,AVG. BLOCKS /S,2.64
54,Rutgers,AVG. BLOCKS /S,2.03
55,Wisconsin,AVG. BLOCKS /S,2.58
56,Illinois,AVG. BLOCKS /S,2.38
57,Indiana,AVG. BLOCKS /S,2.43
58,Iowa,AVG. BLOCKS /S,2.01
59,Maryland,AVG. BLOCKS /S,2.39
60,Michigan,AVG. BLOCKS /S,1.83
61,Michigan St.,AVG. BLOCKS /S,2.49
62,Minnesota,AVG. BLOCKS /S,2.2
63,Nebraska,AVG. BLOCKS /S,2.89
64,Northwestern,AVG. BLOCKS /S,2.16
65,Ohio St.,AVG. BLOCKS /S,1.36
66,Penn St.,AVG. BLOCKS /S,2.65
67,Purdue,AVG. BLOCKS /S,2.24
68,Rutgers,AVG. BLOCKS /S,2.25
69,Wisconsin,AVG. BLOCKS /S,2.54
70,Nebraska,AVG. BLOCKS /S,2.38
71,Minnesota,AVG. BLOCKS /S,2.37
72,Wisconsin,AVG. BLOCKS /S,2.41
73,Penn St.,AVG. BLOCKS /S,3.1
74,Michigan St.,AVG. BLOCKS /S,1.89
75,Michigan,AVG. BLOCKS /S,2.15
76,Ohio St.,AVG. BLOCKS /S,1.89
77,Illinois,AVG. BLOCKS /S,2.69
78,Iowa,AVG. BLOCKS /S,2.2
79,Purdue,AVG. BLOCKS /S,2.44
80,Indiana,AVG. BLOCKS /S,1.43
81,Maryland,AVG. BLOCKS /S,1.77
82,Northwestern,AVG. BLOCKS /S,1.81
83,Rutgers,AVG. BLOCKS /S,1.51
84,Nebraska,AVG. BLOCKS /S,2.97
85,Minnesota,AVG. BLOCKS /S,2.42
86,Wisconsin,AVG. BLOCKS /S,2.19
87,Penn St.,AVG. BLOCKS /S,2.39
88,Michigan St.,AVG. BLOCKS /S,2.64
89,Michigan,AVG. BLOCKS /S,2.31
90,Ohio St.,AVG. BLOCKS /S,1.89
91,Illinois,AVG. BLOCKS /S,2.83
92,Iowa,AVG. BLOCKS /S,1.67
93,Purdue,AVG. BLOCKS /S,2.14
94,Indiana,AVG. BLOCKS /S,1.66
95,Maryland,AVG. BLOCKS /S,2.08
96,Northwestern,AVG. BLOCKS /S,1.81
97,Rutgers,AVG. BLOCKS /S,2.1
0,Minnesota,SERVICE ACES,83.0
1,Wisconsin,SERVICE ACES,118.0
2,Ohio St.,SERVICE ACES,81.0
3,Nebraska,SERVICE ACES,87.0
4,Michigan,SERVICE ACES,96.0
5,Illinois,SERVICE ACES,118.0
6,Penn St.,SERVICE ACES,93.0
7,Northwestern,SERVICE ACES,87.0
8,Purdue,SERVICE ACES,105.0
9,Michigan St.,SERVICE ACES,84.0
10,Indiana,SERVICE ACES,138.0
11,Maryland,SERVICE ACES,88.0
12,Iowa,SERVICE ACES,85.0
13,Rutgers,SERVICE ACES,64.0
14,Wisconsin,SERVICE ACES,93.0
15,Ohio St.,SERVICE ACES,77.0
16,Penn St.,SERVICE ACES,83.0
17,Michigan,SERVICE ACES,97.0
18,Minnesota,SERVICE ACES,83.0
19,Illinois,SERVICE ACES,126.0
20,Nebraska,SERVICE ACES,104.0
21,Purdue,SERVICE ACES,90.0
22,Northwestern,SERVICE ACES,108.0
23,Michigan St.,SERVICE ACES,108.0
24,Iowa,SERVICE ACES,85.0
25,Maryland,SERVICE ACES,96.0
26,Indiana,SERVICE ACES,74.0
27,Rutgers,SERVICE ACES,74.0
28,Wisconsin,SERVICE ACES,94.0
29,Nebraska,SERVICE ACES,104.0
30,Penn St.,SERVICE ACES,96.0
31,Minnesota,SERVICE ACES,103.0
32,Ohio St.,SERVICE ACES,100.0
33,Purdue,SERVICE ACES,104.0
34,Northwestern,SERVICE ACES,65.0
35,Michigan,SERVICE ACES,69.0
36,Maryland,SERVICE ACES,102.0
37,Rutgers,SERVICE ACES,112.0
38,Illinois,SERVICE ACES,124.0
39,Iowa,SERVICE ACES,97.0
40,Michigan St.,SERVICE ACES,63.0
41,Indiana,SERVICE ACES,79.0
42,Illinois,SERVICE ACES,118.0
43,Indiana,SERVICE ACES,75.0
44,Iowa,SERVICE ACES,76.0
45,Maryland,SERVICE ACES,80.0
46,Michigan,SERVICE ACES,107.0
47,Michigan St.,SERVICE ACES,79.0
48,Minnesota,SERVICE ACES,88.0
49,Nebraska,SERVICE ACES,73.0
50,Northwestern,SERVICE ACES,71.0
51,Ohio St.,SERVICE ACES,84.0
52,Penn St.,SERVICE ACES,104.0
53,Purdue,SERVICE ACES,125.0
54,Rutgers,SERVICE ACES,71.0
55,Wisconsin,SERVICE ACES,116.0
56,Illinois,SERVICE ACES,115.0
57,Indiana,SERVICE ACES,67.0
58,Iowa,SERVICE ACES,79.0
59,Maryland,SERVICE ACES,91.0
60,Michigan,SERVICE ACES,97.0
61,Michigan St.,SERVICE ACES,80.0
62,Minnesota,SERVICE ACES,90.0
63,Nebraska,SERVICE ACES,123.0
64,Northwestern,SERVICE ACES,72.0
65,Ohio St.,SERVICE ACES,109.0
66,Penn St.,SERVICE ACES,85.0
67,Purdue,SERVICE ACES,89.0
68,Rutgers,SERVICE ACES,68.0
69,Wisconsin,SERVICE ACES,93.0
70,Nebraska,SERVICE ACES,102.0
71,Minnesota,SERVICE ACES,90.0
72,Wisconsin,SERVICE ACES,77.0
73,Penn St.,SERVICE ACES,97.0
74,Michigan St.,SERVICE ACES,118.0
75,Michigan,SERVICE ACES,92.0
76,Ohio St.,SERVICE ACES,68.0
77,Illinois,SERVICE ACES,74.0
78,Iowa,SERVICE ACES,47.0
79,Purdue,SERVICE ACES,91.0
80,Indiana,SERVICE ACES,68.0
81,Maryland,SERVICE ACES,86.0
82,Northwestern,SERVICE ACES,88.0
83,Rutgers,SERVICE ACES,49.0
84,Nebraska,SERVICE ACES,75.0
85,Minnesota,SERVICE ACES,84.0
86,Wisconsin,SERVICE ACES,93.0
87,Penn St.,SERVICE ACES,95.0
88,Michigan St.,SERVICE ACES,127.0
89,Michigan,SERVICE ACES,83.0
90,Ohio St.,SERVICE ACES,88.0
91,Illinois,SERVICE ACES,67.0
92,Iowa,SERVICE ACES,81.0
93,Purdue,SERVICE ACES,68.0
94,Indiana,SERVICE ACES,78.0
95,Maryland,SERVICE ACES,90.0
96,Northwestern,SERVICE ACES,69.0
97,Rutgers,SERVICE ACES,44.0
0,Minnesota,AVG. SERVICE ACES /S,1.2
1,Wisconsin,AVG. SERVICE ACES /S,1.66
2,Ohio St.,AVG. SERVICE ACES /S,1.05
3,Nebraska,AVG. SERVICE ACES /S,1.3
4,Michigan,AVG. SERVICE ACES /S,1.33
5,Illinois,AVG. SERVICE ACES /S,1.64
6,Penn St.,AVG. SERVICE ACES /S,1.21
7,Northwestern,AVG. SERVICE ACES /S,1.19
8,Purdue,AVG. SERVICE ACES /S,1.31
9,Michigan St.,AVG. SERVICE ACES /S,1.14
10,Indiana,AVG. SERVICE ACES /S,1.68
11,Maryland,AVG. SERVICE ACES /S,1.17
12,Iowa,AVG. SERVICE ACES /S,1.13
13,Rutgers,AVG. SERVICE ACES /S,0.97
14,Wisconsin,AVG. SERVICE ACES /S,1.26
15,Ohio St.,AVG. SERVICE ACES /S,1.1
16,Penn St.,AVG. SERVICE ACES /S,1.06
17,Michigan,AVG. SERVICE ACES /S,1.37
18,Minnesota,AVG. SERVICE ACES /S,1.14
19,Illinois,AVG. SERVICE ACES /S,1.66
20,Nebraska,AVG. SERVICE ACES /S,1.6
21,Purdue,AVG. SERVICE ACES /S,1.11
22,Northwestern,AVG. SERVICE ACES /S,1.35
23,Michigan St.,AVG. SERVICE ACES /S,1.44
24,Iowa,AVG. SERVICE ACES /S,1.25
25,Maryland,AVG. SERVICE ACES /S,1.32
26,Indiana,AVG. SERVICE ACES /S,1.07
27,Rutgers,AVG. SERVICE ACES /S,1.17
28,Wisconsin,AVG. SERVICE ACES /S,1.68
29,Nebraska,AVG. SERVICE ACES /S,1.58
30,Penn St.,AVG. SERVICE ACES /S,1.6
31,Minnesota,AVG. SERVICE ACES /S,1.45
32,Ohio St.,AVG. SERVICE ACES /S,1.23
33,Purdue,AVG. SERVICE ACES /S,1.24
34,Northwestern,AVG. SERVICE ACES /S,1.63
35,Michigan,AVG. SERVICE ACES /S,1.35
36,Maryland,AVG. SERVICE ACES /S,1.24
37,Rutgers,AVG. SERVICE ACES /S,1.51
38,Illinois,AVG. SERVICE ACES /S,1.75
39,Iowa,AVG. SERVICE ACES /S,1.31
40,Michigan St.,AVG. SERVICE ACES /S,1.15
41,Indiana,AVG. SERVICE ACES /S,1.22
42,Illinois,AVG. SERVICE ACES /S,1.59
43,Indiana,AVG. SERVICE ACES /S,1.0
44,Iowa,AVG. SERVICE ACES /S,1.04
45,Maryland,AVG. SERVICE ACES /S,1.07
46,Michigan,AVG. SERVICE ACES /S,1.43
47,Michigan St.,AVG. SERVICE ACES /S,1.07
48,Minnesota,AVG. SERVICE ACES /S,1.19
49,Nebraska,AVG. SERVICE ACES /S,1.0
50,Northwestern,AVG. SERVICE ACES /S,0.96
51,Ohio St.,AVG. SERVICE ACES /S,1.2
52,Penn St.,AVG. SERVICE ACES /S,1.44
53,Purdue,AVG. SERVICE ACES /S,1.64
54,Rutgers,AVG. SERVICE ACES /S,1.09
55,Wisconsin,AVG. SERVICE ACES /S,1.68
56,Illinois,AVG. SERVICE ACES /S,1.55
57,Indiana,AVG. SERVICE ACES /S,0.87
58,Iowa,AVG. SERVICE ACES /S,1.0
59,Maryland,AVG. SERVICE ACES /S,1.28
60,Michigan,AVG. SERVICE ACES /S,1.28
61,Michigan St.,AVG. SERVICE ACES /S,1.04
62,Minnesota,AVG. SERVICE ACES /S,1.29
63,Nebraska,AVG. SERVICE ACES /S,1.62
64,Northwestern,AVG. SERVICE ACES /S,1.03
65,Ohio St.,AVG. SERVICE ACES /S,1.43
66,Penn St.,AVG. SERVICE ACES /S,1.15
67,Purdue,AVG. SERVICE ACES /S,1.09
68,Rutgers,AVG. SERVICE ACES /S,1.0
69,Wisconsin,AVG. SERVICE ACES /S,1.26
70,Nebraska,AVG. SERVICE ACES /S,1.48
71,Minnesota,AVG. SERVICE ACES /S,1.29
72,Wisconsin,AVG. SERVICE ACES /S,1.03
73,Penn St.,AVG. SERVICE ACES /S,1.41
74,Michigan St.,AVG. SERVICE ACES /S,1.66
75,Michigan,AVG. SERVICE ACES /S,1.23
76,Ohio St.,AVG. SERVICE ACES /S,0.94
77,Illinois,AVG. SERVICE ACES /S,1.0
78,Iowa,AVG. SERVICE ACES /S,0.67
79,Purdue,AVG. SERVICE ACES /S,1.26
80,Indiana,AVG. SERVICE ACES /S,1.0
81,Maryland,AVG. SERVICE ACES /S,1.25
82,Northwestern,AVG. SERVICE ACES /S,1.31
83,Rutgers,AVG. SERVICE ACES /S,0.78
84,Nebraska,AVG. SERVICE ACES /S,1.06
85,Minnesota,AVG. SERVICE ACES /S,1.09
86,Wisconsin,AVG. SERVICE ACES /S,1.26
87,Penn St.,AVG. SERVICE ACES /S,1.34
88,Michigan St.,AVG. SERVICE ACES /S,1.81
89,Michigan,AVG. SERVICE ACES /S,1.06
90,Ohio St.,AVG. SERVICE ACES /S,1.17
91,Illinois,AVG. SERVICE ACES /S,0.93
92,Iowa,AVG. SERVICE ACES /S,1.13
93,Purdue,AVG. SERVICE ACES /S,0.84
94,Indiana,AVG. SERVICE ACES /S,1.15
95,Maryland,AVG. SERVICE ACES /S,1.25
96,Northwestern,AVG. SERVICE ACES /S,1.03
97,Rutgers,AVG. SERVICE ACES /S,0.71
0,Minnesota,NO. OF DIGS,976.0
1,Wisconsin,NO. OF DIGS,997.0
2,Ohio St.,NO. OF DIGS,1303.0
3,Nebraska,NO. OF DIGS,1032.0
4,Michigan,NO. OF DIGS,1043.0
5,Illinois,NO. OF DIGS,880.0
6,Penn St.,NO. OF DIGS,1007.0
7,Northwestern,NO. OF DIGS,1099.0
8,Purdue,NO. OF DIGS,1126.0
9,Michigan St.,NO. OF DIGS,940.0
10,Indiana,NO. OF DIGS,1046.0
11,Maryland,NO. OF DIGS,1049.0
12,Iowa,NO. OF DIGS,975.0
13,Rutgers,NO. OF DIGS,701.0
14,Wisconsin,NO. OF DIGS,1146.0
15,Ohio St.,NO. OF DIGS,1157.0
16,Penn St.,NO. OF DIGS,1240.0
17,Michigan,NO. OF DIGS,1086.0
18,Minnesota,NO. OF DIGS,1286.0
19,Illinois,NO. OF DIGS,1102.0
20,Nebraska,NO. OF DIGS,1193.0
21,Purdue,NO. OF DIGS,1254.0
22,Northwestern,NO. OF DIGS,1031.0
23,Michigan St.,NO. OF DIGS,985.0
24,Iowa,NO. OF DIGS,942.0
25,Maryland,NO. OF DIGS,1128.0
26,Indiana,NO. OF DIGS,934.0
27,Rutgers,NO. OF DIGS,809.0
28,Wisconsin,NO. OF DIGS,833.0
29,Nebraska,NO. OF DIGS,957.0
30,Penn St.,NO. OF DIGS,789.0
31,Minnesota,NO. OF DIGS,1101.0
32,Ohio St.,NO. OF DIGS,1259.0
33,Purdue,NO. OF DIGS,1344.0
34,Northwestern,NO. OF DIGS,470.0
35,Michigan,NO. OF DIGS,733.0
36,Maryland,NO. OF DIGS,1041.0
37,Rutgers,NO. OF DIGS,935.0
38,Illinois,NO. OF DIGS,965.0
39,Iowa,NO. OF DIGS,865.0
40,Michigan St.,NO. OF DIGS,701.0
41,Indiana,NO. OF DIGS,742.0
42,Illinois,NO. OF DIGS,1099.0
43,Indiana,NO. OF DIGS,1153.0
44,Iowa,NO. OF DIGS,1058.0
45,Maryland,NO. OF DIGS,1078.0
46,Michigan,NO. OF DIGS,1078.0
47,Michigan St.,NO. OF DIGS,1081.0
48,Minnesota,NO. OF DIGS,992.0
49,Nebraska,NO. OF DIGS,1033.0
50,Northwestern,NO. OF DIGS,976.0
51,Ohio St.,NO. OF DIGS,985.0
52,Penn St.,NO. OF DIGS,963.0
53,Purdue,NO. OF DIGS,940.0
54,Rutgers,NO. OF DIGS,940.0
55,Wisconsin,NO. OF DIGS,733.0
56,Illinois,NO. OF DIGS,1074.0
57,Indiana,NO. OF DIGS,1071.0
58,Iowa,NO. OF DIGS,1185.0
59,Maryland,NO. OF DIGS,989.0
60,Michigan,NO. OF DIGS,1167.0
61,Michigan St.,NO. OF DIGS,904.0
62,Minnesota,NO. OF DIGS,1187.0
63,Nebraska,NO. OF DIGS,1257.0
64,Northwestern,NO. OF DIGS,869.0
65,Ohio St.,NO. OF DIGS,1012.0
66,Penn St.,NO. OF DIGS,1125.0
67,Purdue,NO. OF DIGS,1177.0
68,Rutgers,NO. OF DIGS,759.0
69,Wisconsin,NO. OF DIGS,1149.0
70,Nebraska,NO. OF DIGS,980.0
71,Minnesota,NO. OF DIGS,1110.0
72,Wisconsin,NO. OF DIGS,1076.0
73,Penn St.,NO. OF DIGS,911.0
74,Michigan St.,NO. OF DIGS,994.0
75,Michigan,NO. OF DIGS,973.0
76,Ohio St.,NO. OF DIGS,990.0
77,Illinois,NO. OF DIGS,974.0
78,Iowa,NO. OF DIGS,999.0
79,Purdue,NO. OF DIGS,975.0
80,Indiana,NO. OF DIGS,764.0
81,Maryland,NO. OF DIGS,777.0
82,Northwestern,NO. OF DIGS,710.0
83,Rutgers,NO. OF DIGS,603.0
84,Nebraska,NO. OF DIGS,1083.0
85,Minnesota,NO. OF DIGS,1109.0
86,Wisconsin,NO. OF DIGS,1113.0
87,Penn St.,NO. OF DIGS,926.0
88,Michigan St.,NO. OF DIGS,916.0
89,Michigan,NO. OF DIGS,1076.0
90,Ohio St.,NO. OF DIGS,1043.0
91,Illinois,NO. OF DIGS,985.0
92,Iowa,NO. OF DIGS,881.0
93,Purdue,NO. OF DIGS,1001.0
94,Indiana,NO. OF DIGS,666.0
95,Maryland,NO. OF DIGS,905.0
96,Northwestern,NO. OF DIGS,839.0
97,Rutgers,NO. OF DIGS,563.0
0,Minnesota,AVG. DIGS /S,14.14
1,Wisconsin,AVG. DIGS /S,14.04
2,Ohio St.,AVG. DIGS /S,16.92
3,Nebraska,AVG. DIGS /S,15.4
4,Michigan,AVG. DIGS /S,14.49
5,Illinois,AVG. DIGS /S,12.22
6,Penn St.,AVG. DIGS /S,13.08
7,Northwestern,AVG. DIGS /S,15.05
8,Purdue,AVG. DIGS /S,14.08
9,Michigan St.,AVG. DIGS /S,12.7
10,Indiana,AVG. DIGS /S,12.76
11,Maryland,AVG. DIGS /S,13.99
12,Iowa,AVG. DIGS /S,13.0
13,Rutgers,AVG. DIGS /S,10.62
14,Wisconsin,AVG. DIGS /S,15.49
15,Ohio St.,AVG. DIGS /S,16.53
16,Penn St.,AVG. DIGS /S,15.9
17,Michigan,AVG. DIGS /S,15.3
18,Minnesota,AVG. DIGS /S,17.62
19,Illinois,AVG. DIGS /S,14.5
20,Nebraska,AVG. DIGS /S,18.35
21,Purdue,AVG. DIGS /S,15.48
22,Northwestern,AVG. DIGS /S,12.89
23,Michigan St.,AVG. DIGS /S,13.13
24,Iowa,AVG. DIGS /S,13.85
25,Maryland,AVG. DIGS /S,15.45
26,Indiana,AVG. DIGS /S,13.54
27,Rutgers,AVG. DIGS /S,12.84
28,Wisconsin,AVG. DIGS /S,14.88
29,Nebraska,AVG. DIGS /S,14.5
30,Penn St.,AVG. DIGS /S,13.15
31,Minnesota,AVG. DIGS /S,15.51
32,Ohio St.,AVG. DIGS /S,15.54
33,Purdue,AVG. DIGS /S,16.0
34,Northwestern,AVG. DIGS /S,11.75
35,Michigan,AVG. DIGS /S,14.37
36,Maryland,AVG. DIGS /S,12.7
37,Rutgers,AVG. DIGS /S,12.64
38,Illinois,AVG. DIGS /S,13.59
39,Iowa,AVG. DIGS /S,11.69
40,Michigan St.,AVG. DIGS /S,12.75
41,Indiana,AVG. DIGS /S,11.42
42,Illinois,AVG. DIGS /S,15.7
43,Indiana,AVG. DIGS /S,15.58
44,Iowa,AVG. DIGS /S,15.33
45,Maryland,AVG. DIGS /S,14.77
46,Michigan,AVG. DIGS /S,14.57
47,Michigan St.,AVG. DIGS /S,14.22
48,Minnesota,AVG. DIGS /S,13.78
49,Nebraska,AVG. DIGS /S,13.77
50,Northwestern,AVG. DIGS /S,13.37
51,Ohio St.,AVG. DIGS /S,13.13
52,Penn St.,AVG. DIGS /S,13.01
53,Purdue,AVG. DIGS /S,12.7
54,Rutgers,AVG. DIGS /S,12.53
55,Wisconsin,AVG. DIGS /S,11.28
56,Illinois,AVG. DIGS /S,14.51
57,Indiana,AVG. DIGS /S,13.91
58,Iowa,AVG. DIGS /S,15.0
59,Maryland,AVG. DIGS /S,13.93
60,Michigan,AVG. DIGS /S,15.36
61,Michigan St.,AVG. DIGS /S,11.74
62,Minnesota,AVG. DIGS /S,16.96
63,Nebraska,AVG. DIGS /S,16.54
64,Northwestern,AVG. DIGS /S,12.41
65,Ohio St.,AVG. DIGS /S,13.32
66,Penn St.,AVG. DIGS /S,15.2
67,Purdue,AVG. DIGS /S,14.35
68,Rutgers,AVG. DIGS /S,11.16
69,Wisconsin,AVG. DIGS /S,15.53
70,Nebraska,AVG. DIGS /S,14.2
71,Minnesota,AVG. DIGS /S,15.86
72,Wisconsin,AVG. DIGS /S,14.35
73,Penn St.,AVG. DIGS /S,13.2
74,Michigan St.,AVG. DIGS /S,14.0
75,Michigan,AVG. DIGS /S,12.97
76,Ohio St.,AVG. DIGS /S,13.75
77,Illinois,AVG. DIGS /S,13.16
78,Iowa,AVG. DIGS /S,14.27
79,Purdue,AVG. DIGS /S,13.54
80,Indiana,AVG. DIGS /S,11.24
81,Maryland,AVG. DIGS /S,11.26
82,Northwestern,AVG. DIGS /S,10.6
83,Rutgers,AVG. DIGS /S,9.57
84,Nebraska,AVG. DIGS /S,15.25
85,Minnesota,AVG. DIGS /S,14.4
86,Wisconsin,AVG. DIGS /S,15.04
87,Penn St.,AVG. DIGS /S,13.04
88,Michigan St.,AVG. DIGS /S,13.09
89,Michigan,AVG. DIGS /S,13.79
90,Ohio St.,AVG. DIGS /S,13.91
91,Illinois,AVG. DIGS /S,13.68
92,Iowa,AVG. DIGS /S,12.24
93,Purdue,AVG. DIGS /S,12.36
94,Indiana,AVG. DIGS /S,9.79
95,Maryland,AVG. DIGS /S,12.57
96,Northwestern,AVG. DIGS /S,12.52
97,Rutgers,AVG. DIGS /S,9.08
0,Minnesota,Games Won,12.0
1,Wisconsin,Games Won,17.0
2,Ohio St.,Games Won,8.0
3,Nebraska,Games Won,19.0
4,Michigan,Games Won,5.0
5,Illinois,Games Won,11.0
6,Penn St.,Games Won,15.0
7,Northwestern,Games Won,9.0
8,Purdue,Games Won,15.0
9,Michigan St.,Games Won,9.0
10,Indiana,Games Won,11.0
11,Maryland,Games Won,7.0
12,Iowa,Games Won,0.0
13,Rutgers,Games Won,2.0
14,Wisconsin,Games Won,17.0
15,Ohio St.,Games Won,15.0
16,Penn St.,Games Won,13.0
17,Michigan,Games Won,11.0
18,Minnesota,Games Won,15.0
19,Illinois,Games Won,12.0
20,Nebraska,Games Won,15.0
21,Purdue,Games Won,15.0
22,Northwestern,Games Won,7.0
23,Michigan St.,Games Won,4.0
24,Iowa,Games Won,4.0
25,Maryland,Games Won,7.0
26,Indiana,Games Won,4.0
27,Rutgers,Games Won,0.0
28,Wisconsin,Games Won,15.0
29,Nebraska,Games Won,14.0
30,Penn St.,Games Won,9.0
31,Minnesota,Games Won,15.0
32,Ohio St.,Games Won,15.0
33,Purdue,Games Won,14.0
34,Northwestern,Games Won,5.0
35,Michigan,Games Won,4.0
36,Maryland,Games Won,5.0
37,Rutgers,Games Won,6.0
38,Illinois,Games Won,7.0
39,Iowa,Games Won,4.0
40,Michigan St.,Games Won,3.0
41,Indiana,Games Won,5.0
42,Illinois,Games Won,11.0
43,Indiana,Games Won,3.0
44,Iowa,Games Won,4.0
45,Maryland,Games Won,5.0
46,Michigan,Games Won,13.0
47,Michigan St.,Games Won,6.0
48,Minnesota,Games Won,17.0
49,Nebraska,Games Won,17.0
50,Northwestern,Games Won,5.0
51,Ohio St.,Games Won,8.0
52,Penn St.,Games Won,17.0
53,Purdue,Games Won,14.0
54,Rutgers,Games Won,2.0
55,Wisconsin,Games Won,18.0
56,Illinois,Games Won,17.0
57,Indiana,Games Won,7.0
58,Iowa,Games Won,7.0
59,Maryland,Games Won,9.0
60,Michigan,Games Won,11.0
61,Michigan St.,Games Won,5.0
62,Minnesota,Games Won,19.0
63,Nebraska,Games Won,15.0
64,Northwestern,Games Won,6.0
65,Ohio St.,Games Won,3.0
66,Penn St.,Games Won,14.0
67,Purdue,Games Won,12.0
68,Rutgers,Games Won,0.0
69,Wisconsin,Games Won,15.0
70,Nebraska,Games Won,18.0
71,Minnesota,Games Won,17.0
72,Wisconsin,Games Won,17.0
73,Penn St.,Games Won,14.0
74,Michigan St.,Games Won,13.0
75,Michigan,Games Won,11.0
76,Ohio St.,Games Won,10.0
77,Illinois,Games Won,10.0
78,Iowa,Games Won,9.0
79,Purdue,Games Won,8.0
80,Indiana,Games Won,6.0
81,Maryland,Games Won,4.0
82,Northwestern,Games Won,3.0
83,Rutgers,Games Won,0.0
84,Nebraska,Games Won,19.0
85,Minnesota,Games Won,15.0
86,Wisconsin,Games Won,11.0
87,Penn St.,Games Won,19.0
88,Michigan St.,Games Won,14.0
89,Michigan,Games Won,11.0
90,Ohio St.,Games Won,8.0
91,Illinois,Games Won,12.0
92,Iowa,Games Won,7.0
93,Purdue,Games Won,12.0
94,Indiana,Games Won,1.0
95,Maryland,Games Won,7.0
96,Northwestern,Games Won,4.0
97,Rutgers,Games Won,0.0
0,Minnesota,YEAR,2022.0
1,Wisconsin,YEAR,2022.0
2,Ohio St.,YEAR,2022.0
3,Nebraska,YEAR,2022.0
4,Michigan,YEAR,2022.0
5,Illinois,YEAR,2022.0
6,Penn St.,YEAR,2022.0
7,Northwestern,YEAR,2022.0
8,Purdue,YEAR,2022.0
9,Michigan St.,YEAR,2022.0
10,Indiana,YEAR,2022.0
11,Maryland,YEAR,2022.0
12,Iowa,YEAR,2022.0
13,Rutgers,YEAR,2022.0
14,Wisconsin,YEAR,2021.0
15,Ohio St.,YEAR,2021.0
16,Penn St.,YEAR,2021.0
17,Michigan,YEAR,2021.0
18,Minnesota,YEAR,2021.0
19,Illinois,YEAR,2021.0
20,Nebraska,YEAR,2021.0
21,Purdue,YEAR,2021.0
22,Northwestern,YEAR,2021.0
23,Michigan St.,YEAR,2021.0
24,Iowa,YEAR,2021.0
25,Maryland,YEAR,2021.0
26,Indiana,YEAR,2021.0
27,Rutgers,YEAR,2021.0
28,Wisconsin,YEAR,2020.0
29,Nebraska,YEAR,2020.0
30,Penn St.,YEAR,2020.0
31,Minnesota,YEAR,2020.0
32,Ohio St.,YEAR,2020.0
33,Purdue,YEAR,2020.0
34,Northwestern,YEAR,2020.0
35,Michigan,YEAR,2020.0
36,Maryland,YEAR,2020.0
37,Rutgers,YEAR,2020.0
38,Illinois,YEAR,2020.0
39,Iowa,YEAR,2020.0
40,Michigan St.,YEAR,2020.0
41,Indiana,YEAR,2020.0
42,Illinois,YEAR,2019.0
43,Indiana,YEAR,2019.0
44,Iowa,YEAR,2019.0
45,Maryland,YEAR,2019.0
46,Michigan,YEAR,2019.0
47,Michigan St.,YEAR,2019.0
48,Minnesota,YEAR,2019.0
49,Nebraska,YEAR,2019.0
50,Northwestern,YEAR,2019.0
51,Ohio St.,YEAR,2019.0
52,Penn St.,YEAR,2019.0
53,Purdue,YEAR,2019.0
54,Rutgers,YEAR,2019.0
55,Wisconsin,YEAR,2019.0
56,Illinois,YEAR,2018.0
57,Indiana,YEAR,2018.0
58,Iowa,YEAR,2018.0
59,Maryland,YEAR,2018.0
60,Michigan,YEAR,2018.0
61,Michigan St.,YEAR,2018.0
62,Minnesota,YEAR,2018.0
63,Nebraska,YEAR,2018.0
64,Northwestern,YEAR,2018.0
65,Ohio St.,YEAR,2018.0
66,Penn St.,YEAR,2018.0
67,Purdue,YEAR,2018.0
68,Rutgers,YEAR,2018.0
69,Wisconsin,YEAR,2018.0
70,Nebraska,YEAR,2017.0
71,Minnesota,YEAR,2017.0
72,Wisconsin,YEAR,2017.0
73,Penn St.,YEAR,2017.0
74,Michigan St.,YEAR,2017.0
75,Michigan,YEAR,2017.0
76,Ohio St.,YEAR,2017.0
77,Illinois,YEAR,2017.0
78,Iowa,YEAR,2017.0
79,Purdue,YEAR,2017.0
80,Indiana,YEAR,2017.0
81,Maryland,YEAR,2017.0
82,Northwestern,YEAR,2017.0
83,Rutgers,YEAR,2017.0
84,Nebraska,YEAR,2016.0
85,Minnesota,YEAR,2016.0
86,Wisconsin,YEAR,2016.0
87,Penn St.,YEAR,2016.0
88,Michigan St.,YEAR,2016.0
89,Michigan,YEAR,2016.0
90,Ohio St.,YEAR,2016.0
91,Illinois,YEAR,2016.0
92,Iowa,YEAR,2016.0
93,Purdue,YEAR,2016.0
94,Indiana,YEAR,2016.0
95,Maryland,YEAR,2016.0
96,Northwestern,YEAR,2016.0
97,Rutgers,YEAR,2016.0
